1,Iver,Tickner,itickner0@aol.com,Male,206.231.206.221
2,Serena,Iczokvitz,siczokvitz1@google.de,Female,233.178.234.57
3,Edan,McKue,emckue2@nymag.com,Male,90.80.1.87
4,Leonhard,Kyngdon,lkyngdon3@kickstarter.com,Male,254.91.74.172
5,Erroll,Matthisson,ematthisson4@storify.com,Male,64.176.142.229
6,Keven,Brice,kbrice5@irs.gov,Male,79.175.207.124
7,Heindrick,Spitaro,hspitaro6@topsy.com,Male,43.247.58.128
8,Lorrin,Bundock,lbundock7@ftc.gov,Female,171.162.60.136
9,Rhonda,Favill,rfavill8@smugmug.com,Female,31.138.46.180
10,Andi,Basnall,abasnall9@bizjournals.com,Female,229.149.184.92
11,Jany,Darben,jdarbena@github.io,Female,83.65.56.92
12,Rainer,Dowglass,rdowglassb@craigslist.org,Male,33.154.175.50
13,Gail,Eilhermann,geilhermannc@google.es,Female,7.220.31.23
14,Marjy,Brockie,mbrockied@usa.gov,Female,129.91.246.150
15,Kirsteni,Looks,klookse@devhub.com,Female,101.190.254.58
16,Whit,Tattoo,wtattoof@canalblog.com,Male,205.170.231.229
17,Miner,Wane,mwaneg@quantcast.com,Male,67.76.55.108
18,Horton,Dunlap,hdunlaph@wiley.com,Male,210.224.176.248
19,Farica,Leirmonth,fleirmonthi@who.int,Female,215.212.151.214
20,Benson,Izacenko,bizacenkoj@i2i.jp,Male,207.213.17.218
21,Cleavland,McPhaden,cmcphadenk@wisc.edu,Male,196.161.90.242
22,Meta,Dyball,mdyballl@yellowpages.com,Female,137.85.7.171
23,Benyamin,Garthland,bgarthlandm@github.com,Male,110.132.6.137
24,Steffie,Blackey,sblackeyn@taobao.com,Female,226.40.172.53
25,Dorolisa,Pavyer,dpavyero@ifeng.com,Female,91.245.159.126
26,Jenna,Barnet,jbarnetp@eepurl.com,Female,80.235.61.84
27,Raoul,Rubanenko,rrubanenkoq@businessweek.com,Male,134.49.98.106
28,Zacharie,Oehm,zoehmr@mediafire.com,Male,106.247.27.83
29,Everard,Eveleigh,eeveleighs@themeforest.net,Male,39.69.59.185
30,Camille,Stenhouse,cstenhouset@ucsd.edu,Female,101.30.148.161
31,Swen,Dengate,sdengateu@home.pl,Male,126.232.0.36
32,Mord,Trim,mtrimv@lycos.com,Male,12.121.11.237
33,Hermon,Di Batista,hdibatistaw@macromedia.com,Male,45.144.49.214
34,Heidi,Birch,hbirchx@goo.ne.jp,Female,9.132.24.144
35,Abran,Martine,amartiney@rediff.com,Male,57.164.169.92
36,Karissa,Main,kmainz@shinystat.com,Female,218.240.190.121
37,Ailsun,Assandri,aassandri10@themeforest.net,Female,107.219.230.14
38,Sven,Cutress,scutress11@elpais.com,Male,106.208.174.186
39,Richardo,Challiner,rchalliner12@i2i.jp,Male,121.3.228.52
40,Sam,Lowton,slowton13@drupal.org,Female,176.223.102.200
41,Duncan,Varren,dvarren14@washington.edu,Male,188.228.192.173
42,Berton,Lettley,blettley15@noaa.gov,Male,173.100.66.107
43,Dani,Andover,dandover16@nytimes.com,Male,20.40.10.180
44,Benoit,Cory,bcory17@microsoft.com,Male,55.216.54.100
45,Vitia,Coper,vcoper18@yelp.com,Female,178.57.184.249
46,Cyrus,Titherington,ctitherington19@skyrock.com,Male,131.0.98.191
47,Lynda,Bim,lbim1a@addtoany.com,Female,168.161.146.4
48,Kaja,Scottesmoor,kscottesmoor1b@washington.edu,Female,207.48.54.253
49,Nanci,Warmington,nwarmington1c@comsenz.com,Female,237.54.64.64
50,Nell,Desaur,ndesaur1d@nps.gov,Female,89.153.227.239
51,Sheffie,Darbishire,sdarbishire1e@oracle.com,Male,245.155.57.22
52,Pablo,Brisson,pbrisson1f@youku.com,Male,209.113.96.226
53,Rebekkah,Danko,rdanko1g@hibu.com,Female,99.178.213.245
54,Dominick,Munning,dmunning1h@google.cn,Male,47.223.183.137
55,Bren,Belt,bbelt1i@opera.com,Male,109.16.253.125
56,Huntlee,Feben,hfeben1j@wordpress.com,Male,100.45.244.2
57,Germana,Rexworthy,grexworthy1k@chicagotribune.com,Female,242.250.233.46
58,Morten,Keach,mkeach1l@imageshack.us,Male,201.250.243.144
59,Claudio,Spencelayh,cspencelayh1m@state.tx.us,Male,113.61.3.133
60,Bruce,Thornhill,bthornhill1n@google.it,Male,166.240.116.30
61,Perle,Hansel,phansel1o@blinklist.com,Female,138.121.207.20
62,Tabbitha,Fauning,tfauning1p@ovh.net,Female,64.31.102.132
63,Winne,Willox,wwillox1q@1und1.de,Female,149.223.147.250
64,Dore,Cubberley,dcubberley1r@jiathis.com,Female,62.224.11.140
65,Mikel,Larcier,mlarcier1s@icio.us,Male,137.49.132.24
66,Harley,Le Maitre,hlemaitre1t@naver.com,Male,191.161.22.132
67,Fidel,Burchett,fburchett1u@freewebs.com,Male,55.145.229.181
68,Pembroke,Heifer,pheifer1v@paginegialle.it,Male,20.147.170.120
69,Dot,Conaghy,dconaghy1w@mac.com,Female,151.101.175.148
70,Jessamyn,Hartegan,jhartegan1x@comsenz.com,Female,161.233.194.47
71,Bear,Viscovi,bviscovi1y@domainmarket.com,Male,121.163.159.229
72,Gretta,Haville,ghaville1z@nhs.uk,Female,154.232.36.223
73,Shermie,Goly,sgoly20@tumblr.com,Male,229.160.102.37
74,Cash,Littlejohns,clittlejohns21@jimdo.com,Male,170.112.31.211
75,Binky,Lichfield,blichfield22@storify.com,Male,88.140.108.119
76,Farrell,MacShirie,fmacshirie23@people.com.cn,Male,49.128.2.9
77,Curcio,Clemmensen,cclemmensen24@360.cn,Male,132.57.66.207
78,Townie,Hulland,thulland25@furl.net,Male,248.103.2.54
79,Jeffrey,Lendrem,jlendrem26@over-blog.com,Male,140.124.207.223
80,Alissa,Henrys,ahenrys27@nih.gov,Female,45.115.65.78
81,Regan,Izzatt,rizzatt28@flavors.me,Male,101.121.45.254
82,Brear,Farady,bfarady29@imageshack.us,Female,87.67.109.30
83,Ramona,Houdhury,rhoudhury2a@scribd.com,Female,202.76.155.95
84,Marylynne,Woolfitt,mwoolfitt2b@youtu.be,Female,101.90.164.103
85,Hamid,Fruser,hfruser2c@yellowpages.com,Male,180.4.22.55
86,Levy,Medlar,lmedlar2d@deliciousdays.com,Male,93.102.8.139
87,Travis,Swenson,tswenson2e@bbb.org,Male,247.187.196.203
88,Dru,McKinn,dmckinn2f@ning.com,Male,66.97.42.10
89,Sharon,Feares,sfeares2g@army.mil,Female,166.126.123.68
90,Milly,Capelow,mcapelow2h@sun.com,Female,41.168.220.35
91,Modestia,Pittem,mpittem2i@amazon.co.uk,Female,185.208.123.66
92,Barbabra,Hoffner,bhoffner2j@tumblr.com,Female,205.101.10.129
93,Antons,Pender,apender2k@hibu.com,Male,243.38.175.238
94,Bradly,Fordyce,bfordyce2l@typepad.com,Male,238.253.26.156
95,Marv,Vernalls,mvernalls2m@washingtonpost.com,Male,200.11.9.216
96,Wallas,Camelli,wcamelli2n@canalblog.com,Male,102.81.32.56
97,Hersh,Bumfrey,hbumfrey2o@msu.edu,Male,231.84.165.235
98,Libby,MacDonnell,lmacdonnell2p@earthlink.net,Female,184.173.22.104
99,Kevina,Hickisson,khickisson2q@t-online.de,Female,246.241.75.126
100,Sile,Shawcross,sshawcross2r@hatena.ne.jp,Female,201.237.19.186
101,Patrice,Evill,pevill2s@spotify.com,Male,80.224.201.70
102,Cathy,Crusham,ccrusham2t@facebook.com,Female,79.120.181.108
103,Rollie,Sinnock,rsinnock2u@over-blog.com,Male,166.164.139.135
104,Bar,Farady,bfarady2v@stanford.edu,Male,49.16.154.100
105,Idette,Livick,ilivick2w@google.com.au,Female,60.100.160.138
106,Rory,Grundy,rgrundy2x@simplemachines.org,Male,97.86.230.237
107,Barry,Abramson,babramson2y@ibm.com,Male,0.119.206.155
108,Kerby,Bettles,kbettles2z@home.pl,Male,122.218.69.130
109,Leonard,Humbatch,lhumbatch30@webs.com,Male,238.160.246.65
110,Park,Feyer,pfeyer31@vinaora.com,Male,120.166.200.76
111,Krisha,Manklow,kmanklow32@shop-pro.jp,Male,34.41.49.16
112,Dory,Kuzemka,dkuzemka33@wufoo.com,Female,159.92.44.0
113,Emmey,Braddock,ebraddock34@apache.org,Female,119.61.142.230
114,Doretta,Alkin,dalkin35@qq.com,Female,52.121.122.17
115,Clio,McMahon,cmcmahon36@wsj.com,Female,120.66.75.232
116,Joyce,Helliker,jhelliker37@apache.org,Female,161.162.58.160
117,Kelcey,Blagbrough,kblagbrough38@usatoday.com,Female,57.143.144.88
118,Rea,Godbert,rgodbert39@harvard.edu,Female,127.52.169.172
119,Pamella,Dungey,pdungey3a@qq.com,Female,32.29.157.82
120,Belle,Ferrige,bferrige3b@goodreads.com,Female,168.29.18.169
121,Thorin,Cridlin,tcridlin3c@plala.or.jp,Male,112.80.174.136
122,Paloma,Freeburn,pfreeburn3d@slashdot.org,Female,131.1.107.44
123,Roselle,Calafate,rcalafate3e@goo.ne.jp,Female,246.209.167.184
124,Fraze,Karlowicz,fkarlowicz3f@weebly.com,Male,173.140.190.181
125,Edmon,Welfare,ewelfare3g@livejournal.com,Male,228.142.44.131
126,Shellie,Pennetta,spennetta3h@ovh.net,Female,2.6.234.169
127,Chandler,Briand,cbriand3i@twitter.com,Male,104.185.138.231
128,Kurt,Gratrix,kgratrix3j@foxnews.com,Male,65.153.220.151
129,Vincents,Maypole,vmaypole3k@pagesperso-orange.fr,Male,31.128.28.69
130,Olwen,Buzek,obuzek3l@nymag.com,Female,175.12.59.113
131,Eugenius,Allso,eallso3m@tamu.edu,Male,104.114.168.2
132,Celina,Draisey,cdraisey3n@blog.com,Female,163.170.192.119
133,Terza,Humburton,thumburton3o@washingtonpost.com,Female,109.60.36.30
134,Sherill,Seggie,sseggie3p@wikia.com,Female,240.102.163.65
135,Deeann,Killingbeck,dkillingbeck3q@domainmarket.com,Female,137.130.164.90
136,Ranique,Comford,rcomford3r@lulu.com,Female,221.240.211.231
137,Murdock,Chrestien,mchrestien3s@ask.com,Male,18.131.101.106
138,Elianora,Rameaux,erameaux3t@microsoft.com,Female,248.55.51.140
139,Nealson,Antonsson,nantonsson3u@desdev.cn,Male,176.153.53.153
140,Lonnard,Kerton,lkerton3v@drupal.org,Male,123.121.139.227
141,Thacher,Elsby,telsby3w@newyorker.com,Male,100.107.224.162
142,Antony,Malimoe,amalimoe3x@seattletimes.com,Male,87.167.202.66
143,Maribel,Gheorghe,mgheorghe3y@apple.com,Female,111.17.59.90
144,Finn,Hyrons,fhyrons3z@weebly.com,Male,227.147.151.129
145,Delcina,Bruneton,dbruneton40@dedecms.com,Female,18.16.65.0
146,Mae,Meffin,mmeffin41@cornell.edu,Female,19.28.38.119
147,Corilla,Trevallion,ctrevallion42@slashdot.org,Female,78.58.177.56
148,Alethea,Poulett,apoulett43@godaddy.com,Female,190.113.152.55
149,Barbra,Meeking,bmeeking44@cnn.com,Female,135.112.102.11
150,Colleen,Rodriguez,crodriguez45@twitter.com,Female,40.254.221.140
151,Winslow,Littefair,wlittefair46@amazon.co.uk,Male,213.89.249.202
152,Zebedee,McAviy,zmcaviy47@pagesperso-orange.fr,Male,73.184.196.48
153,Iorgos,Lammerts,ilammerts48@wix.com,Male,83.23.98.188
154,Ransom,Klosa,rklosa49@netlog.com,Male,113.186.168.179
155,Dore,Winfindine,dwinfindine4a@vimeo.com,Female,66.90.248.129
156,Meara,Missen,mmissen4b@un.org,Female,216.143.53.15
157,Celle,Adamo,cadamo4c@arizona.edu,Female,157.251.216.155
158,Abbey,Macourek,amacourek4d@yellowpages.com,Female,220.17.109.50
159,Warden,Reaper,wreaper4e@msn.com,Male,175.128.223.45
160,Viviene,Coldbath,vcoldbath4f@washingtonpost.com,Female,254.55.61.147
161,Hewett,Manthroppe,hmanthroppe4g@google.nl,Male,48.187.6.123
162,Shandy,Stanier,sstanier4h@imdb.com,Female,75.151.8.251
163,Gavra,Ludlom,gludlom4i@sogou.com,Female,146.181.235.26
164,Madelin,Oake,moake4j@google.it,Female,56.179.21.160
165,Rosamond,Crankshaw,rcrankshaw4k@nps.gov,Female,93.67.236.124
166,Philis,Wadworth,pwadworth4l@barnesandnoble.com,Female,148.111.24.82
167,Robinet,Reignolds,rreignolds4m@wired.com,Male,132.214.90.19
168,Keir,Viant,kviant4n@reverbnation.com,Male,243.109.199.36
169,Germain,Bum,gbum4o@sfgate.com,Male,112.156.134.101
170,Fifine,Fairbrother,ffairbrother4p@wunderground.com,Female,150.99.176.226
171,Barney,Sleightholme,bsleightholme4q@51.la,Male,150.185.251.114
172,Milzie,Bennetts,mbennetts4r@gmpg.org,Female,51.118.252.161
173,Carmelia,Yanez,cyanez4s@mtv.com,Female,84.13.238.91
174,Elroy,Balling,eballing4t@etsy.com,Male,21.197.53.111
175,Renaud,Roads,rroads4u@discovery.com,Male,106.101.156.155
176,Courtney,Le-Good,clegood4v@intel.com,Male,4.22.177.87
177,Keefe,Dellatorre,kdellatorre4w@istockphoto.com,Male,96.24.58.61
178,Noland,Wimbury,nwimbury4x@google.ru,Male,49.83.72.89
179,Roberta,Ladbrooke,rladbrooke4y@sakura.ne.jp,Female,201.5.19.44
180,Keenan,Vernalls,kvernalls4z@dagondesign.com,Male,131.43.235.202
181,Windham,Frantsev,wfrantsev50@dion.ne.jp,Male,149.224.191.158
182,Averill,Barford,abarford51@mit.edu,Male,64.161.222.57
183,Jonis,Beynke,jbeynke52@photobucket.com,Female,174.44.125.174
184,Fairfax,Charnock,fcharnock53@vimeo.com,Male,250.60.50.178
185,Lindon,Dunnaway,ldunnaway54@google.com.au,Male,168.177.106.98
186,Codi,Rodd,crodd55@theguardian.com,Male,220.142.31.143
187,Charity,Gladdin,cgladdin56@archive.org,Female,206.138.133.4
188,Niko,Looney,nlooney57@wordpress.com,Male,247.119.113.102
189,Gordie,Driussi,gdriussi58@chron.com,Male,19.213.23.205
190,Borg,Kirsch,bkirsch59@dailymotion.com,Male,104.100.167.40
191,Omero,Decruse,odecruse5a@sourceforge.net,Male,250.231.38.171
192,Kilian,Easdon,keasdon5b@topsy.com,Male,55.43.91.55
193,Patsy,Dahlberg,pdahlberg5c@umn.edu,Female,215.22.129.197
194,Beverley,Burhouse,bburhouse5d@hatena.ne.jp,Female,214.61.47.16
195,Vitoria,Meiklejohn,vmeiklejohn5e@phoca.cz,Female,66.152.173.136
196,Andrea,Vergo,avergo5f@army.mil,Male,178.232.155.226
197,Rachelle,Grishukhin,rgrishukhin5g@delicious.com,Female,124.161.30.52
198,Schuyler,Turtle,sturtle5h@alexa.com,Male,98.10.189.242
199,Grady,Plaice,gplaice5i@gravatar.com,Male,50.105.193.7
200,Sybilla,Kildahl,skildahl5j@google.com,Female,181.246.186.23
201,Keith,Strutton,kstrutton5k@merriam-webster.com,Male,186.25.230.99
202,Kippy,Leonards,kleonards5l@fastcompany.com,Female,13.31.91.167
203,Marve,Springell,mspringell5m@twitter.com,Male,165.195.63.119
204,Eveleen,Shannon,eshannon5n@usgs.gov,Female,66.83.150.100
205,Michail,Mathissen,mmathissen5o@economist.com,Male,229.75.38.33
206,Ronna,Sabbins,rsabbins5p@purevolume.com,Female,119.222.167.124
207,Pietro,Fundell,pfundell5q@chicagotribune.com,Male,225.34.183.131
208,Sonni,Gratton,sgratton5r@discuz.net,Female,109.214.3.202
209,Dur,Dugue,ddugue5s@4shared.com,Male,138.87.66.248
210,Charisse,Ottewill,cottewill5t@taobao.com,Female,216.25.237.137
211,Pavia,Virr,pvirr5u@icio.us,Female,85.180.214.40
212,Curcio,Vequaud,cvequaud5v@pcworld.com,Male,54.76.255.120
213,Ruben,Brehaut,rbrehaut5w@netlog.com,Male,104.142.6.165
214,Celestyna,Gutcher,cgutcher5x@irs.gov,Female,93.79.182.224
215,Georgianne,Peyto,gpeyto5y@cocolog-nifty.com,Female,2.80.246.202
216,Olav,Duplock,oduplock5z@jugem.jp,Male,58.217.19.202
217,Kyle,Elen,kelen60@arizona.edu,Male,200.41.246.254
218,Rhiamon,Pendleton,rpendleton61@spotify.com,Female,49.228.79.205
219,Tory,Pullin,tpullin62@mac.com,Female,88.14.144.223
220,Emelen,Molson,emolson63@opera.com,Male,180.18.139.235
221,Hugo,Soigne,hsoigne64@stanford.edu,Male,188.66.77.234
222,James,Wein,jwein65@miibeian.gov.cn,Male,223.150.103.189
223,Von,Rabidge,vrabidge66@amazon.co.jp,Male,185.11.27.234
224,Werner,Balint,wbalint67@geocities.com,Male,192.129.182.134
225,Sofie,Sybry,ssybry68@si.edu,Female,39.126.124.1
226,Gail,Thorouggood,gthorouggood69@jugem.jp,Male,207.198.60.55
227,Nonie,Eastup,neastup6a@npr.org,Female,107.0.198.92
228,Heddi,Lafaye,hlafaye6b@tuttocitta.it,Female,70.73.172.33
229,Berti,Kezar,bkezar6c@chicagotribune.com,Male,226.246.7.214
230,Mortie,Richardsson,mrichardsson6d@nbcnews.com,Male,182.139.87.236
231,Elbert,Bogays,ebogays6e@exblog.jp,Male,159.109.201.30
232,Chantalle,Alsopp,calsopp6f@nba.com,Female,152.11.7.34
233,Ortensia,Orrobin,oorrobin6g@wikipedia.org,Female,6.23.194.163
234,Othilia,Rubel,orubel6h@usnews.com,Female,51.224.27.28
235,Angelo,Kirley,akirley6i@blogs.com,Male,222.77.20.211
236,Byrom,Dewer,bdewer6j@g.co,Male,123.83.111.76
237,Matthias,Lissemore,mlissemore6k@google.co.uk,Male,169.149.9.97
238,Tabor,Worsfold,tworsfold6l@umich.edu,Male,239.138.104.227
239,Ephrayim,Townsend,etownsend6m@java.com,Male,189.99.94.100
240,Lanny,Ghioni,lghioni6n@fc2.com,Male,20.65.199.130
241,Otto,Bernadot,obernadot6o@gravatar.com,Male,99.126.74.178
242,Kassia,Rosita,krosita6p@statcounter.com,Female,119.54.176.192
243,Nanon,Pavese,npavese6q@google.fr,Female,84.206.32.6
244,Consalve,Speerman,cspeerman6r@edublogs.org,Male,115.61.101.169
245,Tori,Bolam,tbolam6s@weebly.com,Female,235.98.204.67
246,Linus,McAllan,lmcallan6t@spotify.com,Male,192.247.197.17
247,Lori,Wymer,lwymer6u@usda.gov,Female,214.21.250.247
248,Trisha,Birkett,tbirkett6v@i2i.jp,Female,217.86.24.123
249,Honoria,Ranyell,hranyell6w@mit.edu,Female,209.251.241.39
250,Addy,Lough,alough6x@domainmarket.com,Male,48.232.73.139
251,Jocelyn,Sallans,jsallans6y@techcrunch.com,Female,180.73.226.163
252,Daffi,Emms,demms6z@multiply.com,Female,178.93.92.45
253,Bronnie,Sabatier,bsabatier70@tinypic.com,Male,232.223.68.96
254,Christoph,Dudleston,cdudleston71@oracle.com,Male,72.210.1.200
255,Yurik,Trunks,ytrunks72@vkontakte.ru,Male,30.104.230.92
256,Knox,Shetliff,kshetliff73@blogs.com,Male,156.202.239.196
257,Jarred,Grzegorczyk,jgrzegorczyk74@freewebs.com,Male,76.6.176.78
258,John,Seiter,jseiter75@intel.com,Male,79.171.222.34
259,Alli,Bach,abach76@walmart.com,Female,190.161.58.135
260,Erhart,Milkins,emilkins77@deliciousdays.com,Male,161.21.166.134
261,Germaine,Horry,ghorry78@godaddy.com,Male,196.63.27.152
262,Torrence,Monier,tmonier79@europa.eu,Male,147.18.135.111
263,Madlin,Lehenmann,mlehenmann7a@ning.com,Female,31.55.12.172
264,Robena,Manilove,rmanilove7b@washington.edu,Female,27.227.211.150
265,Rasia,Fley,rfley7c@weibo.com,Female,77.98.149.236
266,Pepita,Paszak,ppaszak7d@mac.com,Female,55.236.233.134
267,Willi,Braddon,wbraddon7e@google.com.au,Female,152.193.0.121
268,Tory,Austins,taustins7f@timesonline.co.uk,Female,9.192.194.64
269,Valery,Mustarde,vmustarde7g@smugmug.com,Female,172.210.181.8
270,Augustus,Knights,aknights7h@pinterest.com,Male,153.19.69.56
271,Minni,Senner,msenner7i@prlog.org,Female,132.223.127.178
272,Marion,Le Quesne,mlequesne7j@netscape.com,Male,102.200.86.84
273,Heddi,Raiment,hraiment7k@ask.com,Female,66.214.52.249
274,Shoshanna,Dominichelli,sdominichelli7l@hhs.gov,Female,177.241.84.144
275,Phaedra,Walbridge,pwalbridge7m@privacy.gov.au,Female,253.227.9.111
276,Moe,Cavilla,mcavilla7n@nymag.com,Male,227.103.224.185
277,Pancho,Verma,pverma7o@reference.com,Male,49.131.237.54
278,Teriann,Kingaby,tkingaby7p@webmd.com,Female,197.26.59.29
279,Michale,Snead,msnead7q@vk.com,Male,238.44.27.182
280,Butch,Letixier,bletixier7r@state.gov,Male,99.231.139.234
281,Kincaid,Sweeny,ksweeny7s@ibm.com,Male,194.168.118.191
282,Grace,Lissett,glissett7t@shutterfly.com,Male,223.61.191.70
283,Dalia,Moules,dmoules7u@paypal.com,Female,117.165.235.4
284,Miran,Howel,mhowel7v@google.it,Female,197.208.220.0
285,Justen,Sawrey,jsawrey7w@nasa.gov,Male,204.134.233.136
286,Donal,Legister,dlegister7x@zdnet.com,Male,54.135.198.171
287,Barny,Paxforde,bpaxforde7y@shareasale.com,Male,54.59.187.153
288,Aleen,Mangeot,amangeot7z@barnesandnoble.com,Female,34.240.199.92
289,Abie,McSorley,amcsorley80@tinypic.com,Male,55.98.54.9
290,Celestyn,Hursey,chursey81@shop-pro.jp,Female,118.198.66.189
291,Any,Rasper,arasper82@nps.gov,Male,39.18.64.224
292,Alasteir,Deadman,adeadman83@va.gov,Male,58.131.48.96
293,Caddric,Welbrock,cwelbrock84@joomla.org,Male,166.139.126.220
294,Grove,Allingham,gallingham85@miitbeian.gov.cn,Male,143.253.203.124
295,Marmaduke,O'Sheils,mosheils86@canalblog.com,Male,190.6.8.136
296,Sigmund,Golly,sgolly87@statcounter.com,Male,127.21.83.10
297,Hobey,McKibben,hmckibben88@oracle.com,Male,164.48.241.94
298,Luce,Hicklingbottom,lhicklingbottom89@linkedin.com,Female,93.4.69.85
299,Ashley,Ashman,aashman8a@dailymail.co.uk,Female,204.131.76.195
300,Marco,Bortol,mbortol8b@opensource.org,Male,221.123.154.8
301,Melisent,Eby,meby8c@state.tx.us,Female,11.93.72.21
302,Nolana,Dell Casa,ndellcasa8d@geocities.com,Female,86.27.33.56
303,Rosemarie,Cossam,rcossam8e@constantcontact.com,Female,204.253.136.48
304,Adelaida,Kliemke,akliemke8f@telegraph.co.uk,Female,196.13.213.224
305,Karine,Burtenshaw,kburtenshaw8g@theatlantic.com,Female,111.216.9.75
306,Ethelda,Stone,estone8h@unblog.fr,Female,117.172.187.220
307,Riley,Cadding,rcadding8i@artisteer.com,Male,112.152.176.250
308,Belicia,Poulsom,bpoulsom8j@cam.ac.uk,Female,134.14.173.132
309,Celina,Hechlin,chechlin8k@livejournal.com,Female,65.130.242.195
310,Mignon,McTrusty,mmctrusty8l@bloglines.com,Female,137.71.234.182
311,Jordon,Cranston,jcranston8m@goo.ne.jp,Male,34.137.62.60
312,Shelby,Peare,speare8n@google.fr,Male,171.9.135.119
313,Westley,Angrave,wangrave8o@ox.ac.uk,Male,170.237.241.45
314,Valdemar,Kliemke,vkliemke8p@php.net,Male,130.230.174.54
315,Gearalt,Beche,gbeche8q@webeden.co.uk,Male,244.236.55.196
316,Rhodie,Paskins,rpaskins8r@comcast.net,Female,3.24.56.29
317,Stephani,Overbury,soverbury8s@usnews.com,Female,212.250.229.13
318,Seward,Flintoffe,sflintoffe8t@ocn.ne.jp,Male,116.105.69.53
319,Arnie,Pierucci,apierucci8u@ihg.com,Male,122.166.157.160
320,Bobine,Stringfellow,bstringfellow8v@examiner.com,Female,127.113.149.149
321,Nessy,Feldhammer,nfeldhammer8w@answers.com,Female,249.172.96.171
322,Kaila,De Domenicis,kdedomenicis8x@ovh.net,Female,39.84.114.11
323,Pattie,McFetrich,pmcfetrich8y@nba.com,Female,205.200.169.1
324,Obadiah,Thewlis,othewlis8z@princeton.edu,Male,225.197.142.36
325,Hillery,Grigoriev,hgrigoriev90@spiegel.de,Male,245.179.59.118
326,Dmitri,Gosnoll,dgosnoll91@blog.com,Male,7.184.210.44
327,Nadiya,Ritchard,nritchard92@nba.com,Female,74.102.176.210
328,Neale,Buckston,nbuckston93@alibaba.com,Male,78.184.255.18
329,Faydra,Odd,fodd94@reference.com,Female,223.4.211.201
330,Flo,Sayes,fsayes95@upenn.edu,Female,178.134.62.24
331,Susanna,Bortolozzi,sbortolozzi96@baidu.com,Female,53.107.231.209
332,Ulric,Ashpole,uashpole97@about.com,Male,127.55.168.154
333,Rycca,MacAne,rmacane98@spotify.com,Female,241.29.218.222
334,Reuven,Doumerc,rdoumerc99@irs.gov,Male,59.246.127.235
335,Putnam,Szach,pszach9a@themeforest.net,Male,58.197.106.140
336,Alford,Sailor,asailor9b@myspace.com,Male,226.144.40.37
337,Reggi,Willwood,rwillwood9c@slashdot.org,Female,69.219.148.168
338,Chryste,Stallwood,cstallwood9d@creativecommons.org,Female,79.73.138.53
339,Dennie,Dalla,ddalla9e@fema.gov,Female,52.163.24.104
340,Kellen,Slevin,kslevin9f@symantec.com,Male,52.76.169.134
341,Stillman,Jozaitis,sjozaitis9g@bluehost.com,Male,181.85.252.132
342,Armin,Houlridge,ahoulridge9h@irs.gov,Male,13.184.90.85
343,Valle,Dagleas,vdagleas9i@reuters.com,Male,87.102.96.219
344,Tamqrah,Cushion,tcushion9j@netscape.com,Female,18.138.41.52
345,Freda,Tommeo,ftommeo9k@xing.com,Female,115.20.229.201
346,Marleah,Purviss,mpurviss9l@uiuc.edu,Female,3.116.123.215
347,Betteann,Cazereau,bcazereau9m@intel.com,Female,158.120.152.109
348,Annabelle,Works,aworks9n@gov.uk,Female,215.37.222.173
349,Twyla,Grimsey,tgrimsey9o@wordpress.com,Female,110.121.37.118
350,Lazaro,Spottswood,lspottswood9p@hud.gov,Male,135.127.140.247
351,Myca,Manifold,mmanifold9q@about.me,Male,67.98.201.23
352,Emalee,Gregolotti,egregolotti9r@webs.com,Female,255.74.169.189
353,Lesley,Bilby,lbilby9s@google.com,Male,104.127.211.140
354,Bartolemo,Thickett,bthickett9t@cocolog-nifty.com,Male,99.230.56.181
355,Alberik,Dyke,adyke9u@gov.uk,Male,235.15.222.236
356,Waly,Allwell,wallwell9v@adobe.com,Female,80.209.181.182
357,Dyanne,Cracknell,dcracknell9w@prnewswire.com,Female,11.161.153.81
358,Ranice,Peaker,rpeaker9x@examiner.com,Female,151.109.188.50
359,Betsey,Daud,bdaud9y@geocities.jp,Female,134.60.17.29
360,Lanie,Llewelly,lllewelly9z@constantcontact.com,Male,95.26.33.242
361,Gram,Evequot,gevequota0@opera.com,Male,55.140.111.35
362,Natty,Aymerich,naymericha1@cisco.com,Male,11.225.169.193
363,Alasdair,Shillabeare,ashillabearea2@barnesandnoble.com,Male,3.77.139.2
364,Carlynn,Maker,cmakera3@wikipedia.org,Female,9.121.240.65
365,Jay,Rozenzweig,jrozenzweiga4@bloglines.com,Male,218.74.7.165
366,Sholom,Gallaway,sgallawaya5@slashdot.org,Male,110.214.115.240
367,Frederique,Pepperill,fpepperilla6@reverbnation.com,Female,243.110.49.174
368,Dwain,Gilburt,dgilburta7@trellian.com,Male,202.200.167.238
369,Graeme,Littleton,glittletona8@sohu.com,Male,145.119.179.204
370,Antonetta,Wharin,awharina9@addthis.com,Female,74.42.23.49
371,Swen,Sextone,ssextoneaa@360.cn,Male,152.133.120.0
372,Rowena,Arlett,rarlettab@zimbio.com,Female,41.189.83.101
373,Serge,Petts,spettsac@pagesperso-orange.fr,Male,39.252.126.128
374,Sky,Petrol,spetrolad@networkadvertising.org,Male,133.243.217.99
375,Rutledge,Abyss,rabyssae@google.cn,Male,48.18.75.233
376,Jazmin,Uccelli,juccelliaf@pagesperso-orange.fr,Female,231.45.88.219
377,Rosina,Bracknall,rbracknallag@cyberchimps.com,Female,98.82.212.173
378,Margie,McCosh,mmccoshah@weibo.com,Female,42.105.132.220
379,Eva,Batchelour,ebatchelourai@amazonaws.com,Female,101.194.168.118
380,Florian,Knapton,fknaptonaj@fda.gov,Male,228.172.185.66
381,Nicole,Worsom,nworsomak@printfriendly.com,Female,162.207.143.80
382,Frank,Stitle,fstitleal@php.net,Male,215.238.138.29
383,Ansell,Pereira,apereiraam@ftc.gov,Male,237.251.210.121
384,Friederike,Hickenbottom,fhickenbottoman@apache.org,Female,22.238.45.103
385,Aurilia,Whiterod,awhiterodao@privacy.gov.au,Female,151.154.86.174
386,Sylvan,Bowshire,sbowshireap@bluehost.com,Male,128.129.56.29
387,Park,Giddins,pgiddinsaq@ucoz.ru,Male,81.36.65.125
388,Evelyn,Sissland,esisslandar@google.cn,Male,230.7.36.177
389,Harlie,Hebbron,hhebbronas@smh.com.au,Female,20.214.90.113
390,Whittaker,Gall,wgallat@github.io,Male,96.235.120.209
391,Mannie,Guidoni,mguidoniau@macromedia.com,Male,16.106.106.0
392,Ruddy,Temperton,rtempertonav@fda.gov,Male,219.251.253.129
393,Ev,Liddiard,eliddiardaw@sun.com,Male,142.65.35.5
394,Myrilla,Bechley,mbechleyax@sciencedirect.com,Female,79.142.254.250
395,Wayne,Barok,wbarokay@wisc.edu,Male,182.125.52.151
396,Delora,McGoogan,dmcgooganaz@wordpress.com,Female,2.196.79.70
397,Clemens,Batisse,cbatisseb0@zimbio.com,Male,3.191.39.5
398,Doria,Russam,drussamb1@g.co,Female,91.143.214.81
399,Nefen,MacLaverty,nmaclavertyb2@adobe.com,Male,204.134.42.29
400,Robinett,Acomb,racombb3@biglobe.ne.jp,Female,24.28.129.152
401,Janenna,Lendon,jlendonb4@shop-pro.jp,Female,71.62.156.71
402,Halette,Wormstone,hwormstoneb5@home.pl,Female,223.184.151.80
403,Clementina,McRitchie,cmcritchieb6@patch.com,Female,73.8.229.77
404,Asher,Hedlestone,ahedlestoneb7@myspace.com,Male,15.178.99.111
405,Ozzie,Tyce,otyceb8@bravesites.com,Male,228.80.92.56
406,Maribelle,Krolle,mkrolleb9@canalblog.com,Female,210.169.3.2
407,Hamil,Zoanetti,hzoanettiba@slashdot.org,Male,137.35.248.53
408,Linn,Bener,lbenerbb@msu.edu,Male,242.95.105.127
409,Webster,Hance,whancebc@nydailynews.com,Male,54.135.242.153
410,Jon,Copcott,jcopcottbd@google.co.jp,Male,13.40.58.99
411,Jamey,Gallaher,jgallaherbe@nymag.com,Male,76.226.138.201
412,Leo,McNelis,lmcnelisbf@umn.edu,Male,111.213.240.9
413,Kally,Meus,kmeusbg@huffingtonpost.com,Female,238.45.12.205
414,Lemmy,Kowalik,lkowalikbh@si.edu,Male,165.118.58.221
415,Gibby,Deverell,gdeverellbi@bloglines.com,Male,55.71.177.101
416,Shurlock,Calbreath,scalbreathbj@wikimedia.org,Male,43.130.125.138
417,Esteban,Sketch,esketchbk@gravatar.com,Male,220.105.227.164
418,Charlton,Corden,ccordenbl@rakuten.co.jp,Male,97.141.125.98
419,Hayward,Ricardet,hricardetbm@hubpages.com,Male,73.1.180.69
420,Cami,Letterese,cletteresebn@dot.gov,Female,31.212.10.56
421,Daisie,Zelley,dzelleybo@wisc.edu,Female,4.189.112.70
422,Jo ann,Bushell,jbushellbp@cloudflare.com,Female,53.178.21.9
423,Marianna,Hillett,mhillettbq@studiopress.com,Female,154.113.242.140
424,Ulric,Sutehall,usutehallbr@bloglines.com,Male,234.153.149.143
425,Zollie,Durran,zdurranbs@cbsnews.com,Male,54.110.23.116
426,Mabel,Jedrasik,mjedrasikbt@cbc.ca,Female,202.154.34.245
427,Nerissa,Gookey,ngookeybu@desdev.cn,Female,120.173.53.90
428,Lauralee,Widdup,lwiddupbv@cnet.com,Female,112.118.208.229
429,Henriette,Radage,hradagebw@prlog.org,Female,181.26.109.138
430,Sande,Cronchey,scroncheybx@sogou.com,Female,220.72.99.59
431,Lindsay,Jasik,ljasikby@nasa.gov,Female,210.25.130.52
432,Thorin,Land,tlandbz@jalbum.net,Male,134.31.171.125
433,Elke,Caze,ecazec0@a8.net,Female,37.13.36.48
434,Walsh,Ryton,wrytonc1@goo.ne.jp,Male,13.147.179.6
435,Cora,Davidove,cdavidovec2@deviantart.com,Female,166.53.118.41
436,Vivi,Harlock,vharlockc3@dailymotion.com,Female,236.96.219.243
437,Chane,McKennan,cmckennanc4@weather.com,Male,125.35.233.98
438,Viola,Dumini,vduminic5@infoseek.co.jp,Female,80.108.32.41
439,Allie,Gynne,agynnec6@sitemeter.com,Male,200.147.31.70
440,Zia,Farndell,zfarndellc7@bloomberg.com,Female,39.99.12.90
441,Delbert,Sleany,dsleanyc8@360.cn,Male,52.43.18.150
442,Jeno,Youle,jyoulec9@ihg.com,Male,236.46.151.166
443,Zed,Stillman,zstillmanca@wikimedia.org,Male,86.106.111.97
444,Francois,Antonacci,fantonaccicb@liveinternet.ru,Male,78.244.207.48
445,Bobby,Raiston,braistoncc@i2i.jp,Female,159.65.180.216
446,Christa,Huffer,chuffercd@vk.com,Female,249.152.171.212
447,Tomlin,Schild,tschildce@miibeian.gov.cn,Male,125.146.88.191
448,Bartram,Habberjam,bhabberjamcf@hc360.com,Male,220.48.146.2
449,Wes,McBrearty,wmcbreartycg@si.edu,Male,200.84.119.207
450,Georgy,Thamelt,gthameltch@youtu.be,Male,212.216.53.119
451,Ellette,Orrick,eorrickci@webmd.com,Female,126.15.171.157
452,Seth,Allridge,sallridgecj@zdnet.com,Male,151.84.43.8
453,Benedicto,Hugonneau,bhugonneauck@huffingtonpost.com,Male,147.44.130.213
454,Stefan,Boyland,sboylandcl@wikipedia.org,Male,7.145.109.115
455,Sloan,Gartan,sgartancm@a8.net,Male,251.169.87.204
456,Joaquin,Bourcq,jbourcqcn@foxnews.com,Male,66.137.1.128
457,Annice,De la Barre,adelabarreco@instagram.com,Female,6.100.218.205
458,Allianora,Ferreiro,aferreirocp@delicious.com,Female,155.214.186.38
459,El,Wilstead,ewilsteadcq@sfgate.com,Male,84.90.239.215
460,Giraldo,Manwell,gmanwellcr@histats.com,Male,33.150.33.186
461,Indira,Penwright,ipenwrightcs@pagesperso-orange.fr,Female,192.235.166.95
462,Catriona,MacAskie,cmacaskiect@jiathis.com,Female,231.63.61.237
463,Neda,Monni,nmonnicu@purevolume.com,Female,208.247.247.145
464,Emera,Curme,ecurmecv@dell.com,Female,200.107.204.0
465,Saunders,Febry,sfebrycw@cmu.edu,Male,104.203.126.207
466,Lynelle,Treppas,ltreppascx@sciencedaily.com,Female,183.79.252.174
467,Nobe,Race,nracecy@creativecommons.org,Male,63.195.208.195
468,Terrell,Idney,tidneycz@drupal.org,Male,17.189.75.191
469,Wendell,Jull,wjulld0@google.com,Male,79.210.130.234
470,Claudia,Curlis,ccurlisd1@icio.us,Female,111.66.134.88
471,Roanne,Mateescu,rmateescud2@nytimes.com,Female,67.229.43.128
472,Georas,Fehner,gfehnerd3@chronoengine.com,Male,108.243.44.152
473,Beverie,Tunaclift,btunacliftd4@reverbnation.com,Female,51.125.120.212
474,Rudolph,Mulcock,rmulcockd5@elegantthemes.com,Male,107.204.12.228
475,Grange,Scone,gsconed6@1688.com,Male,59.131.111.82
476,Jesselyn,Jahnisch,jjahnischd7@paypal.com,Female,112.212.132.110
477,Lancelot,Mimmack,lmimmackd8@spiegel.de,Male,50.141.42.114
478,Annmaria,De Freyne,adefreyned9@pinterest.com,Female,144.127.255.67
479,Sena,Antoniazzi,santoniazzida@example.com,Female,66.153.122.17
480,Osbourn,MacRonald,omacronalddb@opensource.org,Male,221.168.122.127
481,Bertrando,Leil,bleildc@scribd.com,Male,169.10.214.98
482,Lyell,Sillito,lsillitodd@ihg.com,Male,102.111.19.107
483,Arv,Djekic,adjekicde@accuweather.com,Male,179.77.94.238
484,Gill,Ardern,garderndf@istockphoto.com,Male,197.135.220.140
485,Lianne,Wrixon,lwrixondg@github.io,Female,221.27.202.167
486,Chick,Backhouse,cbackhousedh@t-online.de,Male,10.24.77.174
487,Blinny,Pfeiffer,bpfeifferdi@odnoklassniki.ru,Female,8.221.123.160
488,Biddy,Lillee,blilleedj@blog.com,Female,216.210.40.214
489,Cesare,Hurndall,churndalldk@jimdo.com,Male,29.160.82.65
490,Kleon,Riddlesden,kriddlesdendl@mayoclinic.com,Male,148.115.179.56
491,Modestia,Wollaston,mwollastondm@domainmarket.com,Female,87.95.92.209
492,Edd,Chuck,echuckdn@bing.com,Male,201.107.8.87
493,Clem,Wheaton,cwheatondo@freewebs.com,Male,80.99.0.2
494,Sydelle,Else,selsedp@amazon.de,Female,17.40.139.41
495,Winnie,Upcraft,wupcraftdq@addthis.com,Female,143.81.187.34
496,Andrea,Rattenbury,arattenburydr@intel.com,Female,131.182.141.184
497,Dulcinea,Hodgets,dhodgetsds@tinypic.com,Female,12.149.52.18
498,Georgeta,Joselovitch,gjoselovitchdt@umich.edu,Female,208.114.118.108
499,Elbertine,Tooker,etookerdu@hp.com,Female,48.188.245.228
500,Thibaud,Alvar,talvardv@pagesperso-orange.fr,Male,34.115.221.235
501,Bent,Kippie,bkippiedw@cisco.com,Male,236.154.102.233
502,Peria,Avramovitz,pavramovitzdx@myspace.com,Female,187.223.35.3
503,Buckie,Tonbridge,btonbridgedy@japanpost.jp,Male,214.126.13.223
504,Burlie,MacKinnon,bmackinnondz@friendfeed.com,Male,190.73.155.75
505,Fifi,Allett,fallette0@mozilla.com,Female,219.113.202.118
506,Sandra,Geroldo,sgeroldoe1@adobe.com,Female,217.182.69.198
507,Gabriel,Guinnane,gguinnanee2@unc.edu,Male,147.59.147.188
508,Berny,Steketee,bsteketeee3@chronoengine.com,Female,52.113.1.22
509,Eachelle,McCloch,emccloche4@mayoclinic.com,Female,238.242.236.3
510,Drucie,Pitkeathley,dpitkeathleye5@unicef.org,Female,208.88.0.85
511,Caren,Melhuish,cmelhuishe6@gravatar.com,Female,241.245.159.66
512,Meg,Bleasdille,mbleasdillee7@indiatimes.com,Female,69.119.76.210
513,Rosalind,De Winton,rdewintone8@gravatar.com,Female,61.191.8.150
514,Truda,Blenkinsop,tblenkinsope9@amazon.co.jp,Female,104.162.190.244
515,Perry,Louisot,plouisotea@house.gov,Female,129.201.204.111
516,Bjorn,Thayre,bthayreeb@spotify.com,Male,227.215.184.18
517,Meredith,Vinas,mvinasec@surveymonkey.com,Male,107.60.255.137
518,Rayner,Ouldred,rouldreded@github.io,Male,255.75.75.66
519,Scotti,Bonniface,sbonnifaceee@washington.edu,Male,216.170.249.167
520,Faun,Maryon,fmaryonef@mayoclinic.com,Female,9.76.157.5
521,Lee,Mancell,lmancelleg@wordpress.com,Female,170.95.251.190
522,Esra,Nicely,enicelyeh@xrea.com,Male,68.37.179.86
523,Theodora,Sumner,tsumnerei@1688.com,Female,39.242.118.97
524,Shelby,Berrisford,sberrisfordej@addthis.com,Female,197.87.252.236
525,Marmaduke,Lawrie,mlawrieek@msn.com,Male,45.144.90.190
526,Larina,Awin,lawinel@mayoclinic.com,Female,157.97.129.155
527,Ardis,Ringwood,aringwoodem@elegantthemes.com,Female,243.168.171.84
528,Carey,Ciabatteri,cciabatterien@cornell.edu,Female,19.170.88.84
529,Broderick,Limeburn,blimeburneo@adobe.com,Male,0.226.247.75
530,Wyndham,Carden,wcardenep@alexa.com,Male,15.81.55.186
531,Wye,Pflieger,wpfliegereq@ning.com,Male,65.61.130.254
532,Alexandrina,Soldan,asoldaner@clickbank.net,Female,182.188.9.35
533,Abbe,Berrick,aberrickes@psu.edu,Female,57.142.146.212
534,Galina,Hawkshaw,ghawkshawet@wikia.com,Female,189.224.106.5
535,Nevin,Harbour,nharboureu@cisco.com,Male,192.211.251.20
536,Abbi,Littledike,alittledikeev@latimes.com,Female,195.147.165.0
537,Randa,Lindop,rlindopew@state.gov,Female,74.17.25.179
538,Samaria,Moules,smoulesex@scientificamerican.com,Female,168.6.73.44
539,Kean,McOwen,kmcoweney@prnewswire.com,Male,185.4.90.212
540,Terri-jo,McNiven,tmcnivenez@noaa.gov,Female,143.210.241.249
541,Jobi,Pavey,jpaveyf0@goodreads.com,Female,99.0.228.59
542,Valdemar,Heymann,vheymannf1@flavors.me,Male,242.244.215.57
543,Ceil,Jeannet,cjeannetf2@java.com,Female,4.244.21.146
544,Corrie,Hardiker,chardikerf3@va.gov,Male,137.186.38.234
545,Yves,Yukhin,yyukhinf4@cornell.edu,Male,137.251.139.194
546,Vinson,Lattka,vlattkaf5@elegantthemes.com,Male,93.67.47.232
547,Donica,Plampeyn,dplampeynf6@wunderground.com,Female,164.223.148.208
548,Bradford,O'Noland,bonolandf7@admin.ch,Male,178.132.194.62
549,Pincas,Dymock,pdymockf8@themeforest.net,Male,181.194.53.51
550,Stanislas,Drohan,sdrohanf9@shinystat.com,Male,27.211.23.55
551,Dannie,Downer,ddownerfa@cocolog-nifty.com,Male,207.32.96.85
552,Hinze,McCandless,hmccandlessfb@over-blog.com,Male,185.75.173.115
553,Morganica,Trime,mtrimefc@home.pl,Female,84.241.146.84
554,Lizette,Aaronsohn,laaronsohnfd@nbcnews.com,Female,69.149.89.64
555,Kikelia,Matteacci,kmatteaccife@census.gov,Female,64.245.160.188
556,Alwin,Kalinsky,akalinskyff@slashdot.org,Male,107.50.213.40
557,Suzanne,Domel,sdomelfg@instagram.com,Female,198.79.21.125
558,Guilbert,Richfield,grichfieldfh@cpanel.net,Male,59.32.244.236
559,Libby,Neil,lneilfi@multiply.com,Female,184.241.67.181
560,Annetta,Rosenvasser,arosenvasserfj@noaa.gov,Female,151.223.184.214
561,Monty,Dryburgh,mdryburghfk@webnode.com,Male,189.199.109.15
562,Delmar,Simmank,dsimmankfl@printfriendly.com,Male,34.200.82.68
563,Corrine,Friary,cfriaryfm@yelp.com,Female,47.139.216.15
564,Cammy,Whitticks,cwhitticksfn@goo.gl,Male,78.76.30.169
565,Maxine,Comford,mcomfordfo@uol.com.br,Female,176.137.22.52
566,Leia,Cestard,lcestardfp@intel.com,Female,164.243.182.61
567,Enoch,McLugaish,emclugaishfq@cnbc.com,Male,72.203.162.198
568,Garey,Luce,glucefr@ezinearticles.com,Male,223.156.112.185
569,Abbey,Lardier,alardierfs@patch.com,Male,111.126.15.179
570,Oliviero,Golds,ogoldsft@jugem.jp,Male,14.57.211.62
571,Marlane,Criag,mcriagfu@army.mil,Female,158.251.104.41
572,Lyndy,Rosencwaig,lrosencwaigfv@wunderground.com,Female,191.87.72.241
573,Linn,Bellows,lbellowsfw@accuweather.com,Female,161.140.229.77
574,Edy,Knight,eknightfx@umn.edu,Female,165.53.119.128
575,Isaak,Pescud,ipescudfy@so-net.ne.jp,Male,41.219.40.55
576,Dar,Rochford,drochfordfz@apple.com,Male,64.23.211.218
577,Christalle,Rainer,crainerg0@i2i.jp,Female,86.73.57.49
578,Wainwright,Ferronet,wferronetg1@google.fr,Male,206.183.14.163
579,Elmore,Ronchi,eronchig2@sogou.com,Male,22.70.248.90
580,Townie,Simonassi,tsimonassig3@jugem.jp,Male,159.30.17.168
581,Vail,Lethieulier,vlethieulierg4@epa.gov,Male,101.17.53.248
582,Swen,Wakeham,swakehamg5@thetimes.co.uk,Male,166.171.160.177
583,Hal,Nolda,hnoldag6@bluehost.com,Male,42.47.110.110
584,Raynard,Crummay,rcrummayg7@engadget.com,Male,22.230.224.97
585,Tasia,Vonasek,tvonasekg8@tiny.cc,Female,136.203.234.70
586,Yule,Bantham,ybanthamg9@nyu.edu,Male,56.199.246.174
587,Kahaleel,Leser,kleserga@cnbc.com,Male,165.227.148.102
588,Gisella,Dumingo,gdumingogb@sogou.com,Female,45.15.251.41
589,Omero,Rens,orensgc@yandex.ru,Male,12.26.151.63
590,Brigitte,Robez,brobezgd@tumblr.com,Female,113.31.47.49
591,Chick,Ivie,civiege@odnoklassniki.ru,Male,204.95.81.255
592,Pooh,Cranny,pcrannygf@squidoo.com,Female,99.7.49.104
593,Amii,Poundsford,apoundsfordgg@apple.com,Female,84.212.228.134
594,Jaine,Broadey,jbroadeygh@google.com.br,Female,128.221.52.93
595,Orly,Juza,ojuzagi@economist.com,Female,192.246.107.135
596,Shaw,Fortnum,sfortnumgj@e-recht24.de,Male,76.133.212.78
597,Dorita,Lawerence,dlawerencegk@dedecms.com,Female,20.134.226.232
598,Benji,Hairs,bhairsgl@yale.edu,Male,176.182.166.118
599,Dell,Bedder,dbeddergm@ox.ac.uk,Male,241.170.133.228
600,Martita,Verman,mvermangn@gnu.org,Female,216.15.112.5
601,Selene,Gouley,sgouleygo@google.fr,Female,117.201.132.120
602,Miltie,Bricknell,mbricknellgp@ibm.com,Male,152.60.135.32
603,Garvey,Abbey,gabbeygq@umich.edu,Male,67.178.227.161
604,Stavro,Danniel,sdannielgr@opera.com,Male,109.159.210.134
605,Adriano,Belfitt,abelfittgs@biblegateway.com,Male,49.198.174.102
606,Aili,Hellicar,ahellicargt@washington.edu,Female,133.166.166.213
607,Olivette,Lamyman,olamymangu@webnode.com,Female,60.70.25.61
608,Bone,Cogzell,bcogzellgv@buzzfeed.com,Male,154.156.27.113
609,Derril,Calverley,dcalverleygw@eepurl.com,Male,100.206.131.93
610,Jorey,Grigoriev,jgrigorievgx@hp.com,Female,65.207.31.77
611,Shalna,Goodier,sgoodiergy@i2i.jp,Female,42.247.27.69
612,Angelika,Ryhorovich,aryhorovichgz@loc.gov,Female,250.218.219.79
613,Connor,Monkton,cmonktonh0@ucla.edu,Male,105.174.216.118
614,Griffie,Tatam,gtatamh1@redcross.org,Male,1.43.4.142
615,Estele,McCrae,emccraeh2@phoca.cz,Female,38.164.27.255
616,Bonnie,Lannen,blannenh3@wiley.com,Female,43.213.59.84
617,Silvain,Simonato,ssimonatoh4@nih.gov,Male,74.66.102.59
618,Glenn,Burl,gburlh5@cbslocal.com,Male,68.233.156.193
619,Holli,Axtens,haxtensh6@ft.com,Female,136.22.177.16
620,Erv,Petry,epetryh7@buzzfeed.com,Male,4.158.224.97
621,Josepha,Martinson,jmartinsonh8@canalblog.com,Female,48.218.91.211
622,Tommie,Fann,tfannh9@google.pl,Male,10.145.138.111
623,Eolande,Shoulders,eshouldersha@home.pl,Female,217.173.161.146
624,Coleman,Tabourin,ctabourinhb@joomla.org,Male,8.101.89.67
625,Jerome,Compton,jcomptonhc@ibm.com,Male,162.163.191.91
626,Rena,Kernan,rkernanhd@jugem.jp,Female,62.188.173.126
627,Lorilyn,Parkman,lparkmanhe@amazon.com,Female,8.142.209.69
628,Constantina,Readshaw,creadshawhf@uiuc.edu,Female,147.245.54.64
629,Jeno,Wenden,jwendenhg@fotki.com,Male,125.211.197.90
630,Dody,Demare,ddemarehh@tripadvisor.com,Female,107.56.57.13
631,Willyt,Kummerlowe,wkummerlowehi@stanford.edu,Female,208.224.145.219
632,Jobie,Jaumet,jjaumethj@house.gov,Female,9.241.75.94
633,Willey,Comport,wcomporthk@bloomberg.com,Male,196.158.92.185
634,Perkin,Honnan,phonnanhl@apple.com,Male,226.59.60.36
635,Tobe,Raymond,traymondhm@about.com,Male,246.79.60.32
636,Kevina,McCloid,kmccloidhn@nature.com,Female,26.75.0.80
637,Haroun,Brimilcombe,hbrimilcombeho@tuttocitta.it,Male,218.97.35.172
638,Filide,Eassom,feassomhp@washington.edu,Female,118.250.55.48
639,Teador,Cheeke,tcheekehq@admin.ch,Male,216.29.200.27
640,Carri,Lumox,clumoxhr@marriott.com,Female,10.101.156.168
641,Cary,Cleife,ccleifehs@yelp.com,Male,180.121.61.230
642,Faustina,Rayhill,frayhillht@irs.gov,Female,107.57.167.244
643,Arluene,Hubball,ahubballhu@businesswire.com,Female,198.230.68.80
644,Reider,Klempke,rklempkehv@arizona.edu,Male,154.112.176.19
645,Guy,Burborough,gburboroughhw@elpais.com,Male,92.213.91.231
646,Ferguson,Rutty,fruttyhx@vkontakte.ru,Male,69.230.251.244
647,Jorie,Oakenford,joakenfordhy@craigslist.org,Female,245.227.85.168
648,Arlinda,Long,alonghz@hc360.com,Female,137.251.82.184
649,Michel,Beeden,mbeedeni0@t-online.de,Female,223.158.240.220
650,Nari,Jeckell,njeckelli1@elegantthemes.com,Female,88.161.27.147
651,Mikkel,Tollfree,mtollfreei2@umn.edu,Male,126.249.162.177
652,Sherlocke,Liggins,sligginsi3@webnode.com,Male,233.46.98.109
653,Vilma,Lax,vlaxi4@cornell.edu,Female,194.25.76.127
654,Basile,Glynn,bglynni5@bandcamp.com,Male,214.97.33.151
655,Milt,Frammingham,mframminghami6@scientificamerican.com,Male,103.96.144.64
656,Ketty,Cadogan,kcadogani7@mozilla.com,Female,62.64.225.255
657,Kirby,Derisly,kderislyi8@nsw.gov.au,Male,5.212.83.116
658,Glen,Janca,gjancai9@lycos.com,Male,7.240.83.66
659,Eldon,Tooby,etoobyia@php.net,Male,49.189.64.27
660,Ulrica,Christofe,uchristofeib@fda.gov,Female,236.134.22.20
661,Lenette,Brashier,lbrashieric@drupal.org,Female,143.219.34.119
662,Rubi,Glassborow,rglassborowid@craigslist.org,Female,169.35.133.19
663,Freddi,Doe,fdoeie@github.io,Female,80.17.103.203
664,Gelya,Crambie,gcrambieif@wiley.com,Female,95.233.189.39
665,Marybeth,McKeighan,mmckeighanig@dagondesign.com,Female,177.162.75.0
666,Henrieta,Seggie,hseggieih@harvard.edu,Female,224.246.232.98
667,Vin,Andreev,vandreevii@last.fm,Male,31.201.253.124
668,Jess,Landy,jlandyij@google.fr,Female,114.168.21.160
669,Marthena,Minguet,mminguetik@uol.com.br,Female,22.3.109.216
670,Lowell,Beaudry,lbeaudryil@cbc.ca,Male,95.101.93.103
671,Elihu,Hynes,ehynesim@blogs.com,Male,185.23.235.112
672,Cullan,Askin,caskinin@intel.com,Male,199.149.213.184
673,Tony,Darch,tdarchio@dyndns.org,Male,247.236.184.16
674,Harvey,Gostridge,hgostridgeip@storify.com,Male,8.226.117.130
675,Gray,Longhi,glonghiiq@baidu.com,Male,117.19.51.107
676,Annabal,Flaune,aflauneir@exblog.jp,Female,250.72.21.132
677,Jasen,Abramovic,jabramovicis@chronoengine.com,Male,115.178.32.119
678,Bryna,Buckney,bbuckneyit@lulu.com,Female,230.239.184.80
679,Darcey,Itzhayek,ditzhayekiu@meetup.com,Female,150.121.186.221
680,Aldwin,Bellee,abelleeiv@feedburner.com,Male,86.217.223.136
681,Vance,Sackur,vsackuriw@smugmug.com,Male,47.168.23.11
682,Fern,Landes,flandesix@istockphoto.com,Female,166.234.3.221
683,Vivianna,Marco,vmarcoiy@123-reg.co.uk,Female,192.67.114.0
684,Lucinda,Souza,lsouzaiz@rambler.ru,Female,151.60.56.192
685,Ignatius,Pack,ipackj0@nhs.uk,Male,132.145.106.251
686,Wolfie,Breslau,wbreslauj1@cloudflare.com,Male,9.76.71.175
687,Harlene,Jesteco,hjestecoj2@deviantart.com,Female,79.4.219.246
688,Annmaria,Hanratty,ahanrattyj3@e-recht24.de,Female,205.188.109.74
689,Rosemaria,Romero,rromeroj4@state.tx.us,Female,158.227.96.17
690,Karie,Baskwell,kbaskwellj5@dot.gov,Female,221.181.171.44
691,Shaun,Milne,smilnej6@nymag.com,Male,81.118.166.15
692,Leesa,Chavey,lchaveyj7@lulu.com,Female,216.209.145.158
693,Fredelia,Sheryn,fsherynj8@earthlink.net,Female,114.188.120.1
694,Pearce,Goodburn,pgoodburnj9@weather.com,Male,126.9.105.36
695,Vere,Hadden,vhaddenja@fc2.com,Female,42.226.17.197
696,Douglass,Jerche,djerchejb@mac.com,Male,90.251.31.35
697,Berny,Lydall,blydalljc@scribd.com,Female,216.43.200.193
698,Orel,McGavin,omcgavinjd@adobe.com,Female,248.86.218.103
699,Devlin,Skene,dskeneje@yahoo.com,Male,49.252.220.78
700,Klement,Pennazzi,kpennazzijf@redcross.org,Male,203.205.236.42
701,Karol,Orbine,korbinejg@ifeng.com,Female,241.82.162.213
702,Purcell,Robbert,probbertjh@cbc.ca,Male,196.23.76.37
703,Lindsay,Pobjoy,lpobjoyji@last.fm,Female,21.129.182.135
704,Penrod,Brierton,pbriertonjj@aboutads.info,Male,42.69.125.11
705,Wernher,Espinola,wespinolajk@bing.com,Male,9.43.64.120
706,Miller,Bravery,mbraveryjl@icq.com,Male,100.139.140.203
707,Dwayne,Stopps,dstoppsjm@addthis.com,Male,45.55.26.44
708,Curtice,Skillitt,cskillittjn@wikipedia.org,Male,38.118.234.157
709,Correy,Ortsmann,cortsmannjo@macromedia.com,Female,84.210.228.125
710,Jonathon,Feeney,jfeeneyjp@myspace.com,Male,131.126.44.113
711,Abdel,Thornham,athornhamjq@vinaora.com,Male,228.218.183.204
712,Izabel,Green,igreenjr@diigo.com,Female,205.215.181.235
713,Roseann,Hovard,rhovardjs@51.la,Female,31.194.7.176
714,Elle,Quinby,equinbyjt@dyndns.org,Female,226.237.197.28
715,Marti,Goutcher,mgoutcherju@apple.com,Female,60.135.165.202
716,Gilberto,Satterthwaite,gsatterthwaitejv@t.co,Male,246.7.134.106
717,Pearce,Lermit,plermitjw@unblog.fr,Male,21.198.113.58
718,Ariela,Falshaw,afalshawjx@tinypic.com,Female,230.45.165.30
719,Gothart,Stone,gstonejy@storify.com,Male,57.211.60.239
720,Margaretta,Duell,mduelljz@skype.com,Female,181.111.168.87
721,Pat,Huckle,phucklek0@slate.com,Male,81.129.147.149
722,Manda,Lumm,mlummk1@oaic.gov.au,Female,96.196.68.237
723,Regan,Trevers,rtreversk2@sohu.com,Male,170.231.196.201
724,Roxanne,McPaik,rmcpaikk3@shinystat.com,Female,123.55.211.27
725,Pattie,Chimes,pchimesk4@google.fr,Male,94.4.206.3
726,Juliette,Remington,jremingtonk5@biblegateway.com,Female,181.227.49.127
727,Kandy,Matyushonok,kmatyushonokk6@freewebs.com,Female,136.254.207.77
728,Gard,Kuhwald,gkuhwaldk7@wikia.com,Male,215.147.72.163
729,Clerissa,Kusick,ckusickk8@unicef.org,Female,105.67.54.98
730,Dredi,Golder,dgolderk9@cnet.com,Female,182.11.35.177
731,Katuscha,Bangle,kbangleka@blogspot.com,Female,78.164.221.143
732,Deck,Fassmann,dfassmannkb@topsy.com,Male,78.158.160.110
733,Carleen,Durram,cdurramkc@princeton.edu,Female,118.99.169.233
734,Maxie,McLuckie,mmcluckiekd@ezinearticles.com,Female,206.228.2.230
735,Sam,Goffe,sgoffeke@gmpg.org,Male,158.204.28.8
736,Danette,Dalla,ddallakf@opensource.org,Female,6.149.37.71
737,Verene,Fowkes,vfowkeskg@constantcontact.com,Female,246.156.229.237
738,Damian,Gotfrey,dgotfreykh@mashable.com,Male,77.22.166.96
739,Dorian,Vittle,dvittleki@baidu.com,Female,79.238.39.93
740,Giles,Reuss,greusskj@yellowpages.com,Male,233.44.3.56
741,Kaycee,Ruggieri,kruggierikk@ebay.co.uk,Female,26.240.6.28
742,Hershel,Gilhespy,hgilhespykl@upenn.edu,Male,78.208.64.88
743,Petra,Habeshaw,phabeshawkm@state.gov,Female,247.45.166.145
744,Wallis,Petrecz,wpetreczkn@purevolume.com,Female,135.10.151.111
745,Sela,Willbond,swillbondko@tripod.com,Female,131.181.113.15
746,Averil,Dedrick,adedrickkp@examiner.com,Female,210.32.109.174
747,Wald,Aloshechkin,waloshechkinkq@artisteer.com,Male,185.8.195.105
748,Roz,Banasevich,rbanasevichkr@nih.gov,Female,146.218.163.248
749,Schuyler,Diche,sdicheks@tinyurl.com,Male,217.226.154.31
750,Tomlin,Cleever,tcleeverkt@bloglines.com,Male,9.68.187.109
751,Andrus,Cesconi,acesconiku@cnet.com,Male,154.181.200.18
752,Mirabelle,MacSkeagan,mmacskeagankv@csmonitor.com,Female,73.176.137.235
753,Tedie,Iffland,tifflandkw@arstechnica.com,Male,202.215.200.146
754,Steward,Moller,smollerkx@kickstarter.com,Male,166.201.198.242
755,Felisha,Story,fstoryky@51.la,Female,130.77.118.172
756,Fonz,Relph,frelphkz@youku.com,Male,223.125.248.69
757,Ulises,Glozman,uglozmanl0@rambler.ru,Male,217.206.192.168
758,Husein,Squires,hsquiresl1@qq.com,Male,115.231.227.2
759,Bev,Spenley,bspenleyl2@cnbc.com,Male,147.244.68.147
760,Mendie,Losebie,mlosebiel3@shinystat.com,Male,9.23.177.79
761,Ana,Leeds,aleedsl4@reference.com,Female,77.101.253.199
762,Janaye,Urridge,jurridgel5@biblegateway.com,Female,31.12.65.205
763,Sol,O'Moylane,somoylanel6@businessinsider.com,Male,224.209.86.175
764,Elka,Rooper,erooperl7@nps.gov,Female,98.211.236.97
765,Julius,Jeanequin,jjeanequinl8@addthis.com,Male,9.122.244.92
766,Davy,Hailes,dhailesl9@digg.com,Male,242.65.184.23
767,Jimmy,Serrels,jserrelsla@twitpic.com,Male,254.251.78.98
768,Isidoro,Bengefield,ibengefieldlb@booking.com,Male,103.95.0.38
769,Pamelina,Carlill,pcarlilllc@t-online.de,Female,89.27.101.5
770,Siobhan,Tomblin,stomblinld@theatlantic.com,Female,90.1.123.132
771,Sylas,Merriday,smerridayle@bing.com,Male,52.204.183.71
772,Radcliffe,Mathison,rmathisonlf@msn.com,Male,245.49.231.219
773,Joelle,Von Der Empten,jvonderemptenlg@disqus.com,Female,4.93.193.148
774,Gilberte,Bucher,gbucherlh@arstechnica.com,Female,173.22.250.62
775,Jammal,Wibrow,jwibrowli@slate.com,Male,230.82.95.192
776,Yul,Daskiewicz,ydaskiewiczlj@princeton.edu,Male,175.173.6.135
777,Halie,Hammer,hhammerlk@is.gd,Female,170.222.19.247
778,Brucie,Shakshaft,bshakshaftll@ft.com,Male,203.172.91.219
779,Godfree,Kilkenny,gkilkennylm@shutterfly.com,Male,250.157.93.71
780,Angelia,Mendoza,amendozaln@businessweek.com,Female,76.11.149.172
781,Amelita,Debnam,adebnamlo@cyberchimps.com,Female,105.217.111.208
782,Maryanne,Birchenough,mbirchenoughlp@pagesperso-orange.fr,Female,78.238.26.82
783,Valentine,Paulot,vpaulotlq@google.com,Female,211.126.220.222
784,Enoch,Rabjohns,erabjohnslr@intel.com,Male,151.117.20.30
785,Bondon,Antonikov,bantonikovls@studiopress.com,Male,148.26.39.135
786,Gaby,Durnan,gdurnanlt@issuu.com,Male,39.205.120.158
787,Didi,Skakunas,dskakunaslu@sphinn.com,Female,99.31.90.70
788,Ricardo,Gately,rgatelylv@skype.com,Male,149.82.232.78
789,Alasteir,Wilkenson,awilkensonlw@dot.gov,Male,94.13.227.23
790,Janka,Kemmis,jkemmislx@barnesandnoble.com,Female,49.150.53.21
791,Brittany,Odo,bodoly@deliciousdays.com,Female,83.225.22.234
792,Northrop,Brumby,nbrumbylz@comsenz.com,Male,193.99.13.192
793,Raddy,McAlarney,rmcalarneym0@cdc.gov,Male,39.213.92.84
794,Barrie,Shadbolt,bshadboltm1@webmd.com,Male,210.209.147.138
795,Loutitia,Ebbage,lebbagem2@quantcast.com,Female,204.229.34.190
796,Shandra,Joslow,sjoslowm3@cafepress.com,Female,60.185.169.33
797,Amye,O'Rourke,aorourkem4@plala.or.jp,Female,54.44.189.255
798,Warde,Tuffs,wtuffsm5@dyndns.org,Male,231.67.154.252
799,Caril,Sharnock,csharnockm6@wordpress.org,Female,204.167.186.151
800,Humberto,Dosdill,hdosdillm7@wufoo.com,Male,235.246.78.122
801,Delilah,Kyncl,dkynclm8@nymag.com,Female,70.145.41.211
802,Darill,Capehorn,dcapehornm9@jiathis.com,Male,12.148.26.32
803,Torey,Claffey,tclaffeyma@cmu.edu,Female,105.226.75.159
804,Powell,Elkin,pelkinmb@tmall.com,Male,204.52.254.102
805,Burgess,Cavy,bcavymc@ameblo.jp,Male,31.38.71.60
806,Jed,Klezmski,jklezmskimd@msu.edu,Male,43.31.189.85
807,Cullan,Pellant,cpellantme@php.net,Male,110.5.142.40
808,Reggie,Keyte,rkeytemf@edublogs.org,Male,169.9.241.93
809,Chrystal,Niblock,cniblockmg@i2i.jp,Female,110.207.147.78
810,Leonanie,Kyberd,lkyberdmh@smugmug.com,Female,127.97.162.113
811,Myranda,Winkless,mwinklessmi@shop-pro.jp,Female,185.101.135.120
812,Harlen,Heakey,hheakeymj@harvard.edu,Male,166.75.156.186
813,Rob,Oake,roakemk@bandcamp.com,Male,122.43.163.129
814,Aloysius,Chastanet,achastanetml@pen.io,Male,32.247.251.206
815,Spencer,Ryce,srycemm@rakuten.co.jp,Male,121.45.62.5
816,Alain,Dreelan,adreelanmn@taobao.com,Male,141.93.71.2
817,Bret,McCrachen,bmccrachenmo@sbwire.com,Male,189.179.253.115
818,Esteban,Goede,egoedemp@acquirethisname.com,Male,31.25.88.165
819,Chancey,Brenstuhl,cbrenstuhlmq@bbb.org,Male,176.95.165.140
820,Woodrow,Snow,wsnowmr@privacy.gov.au,Male,60.194.100.83
821,Jacynth,Signore,jsignorems@netlog.com,Female,189.50.183.72
822,Ellis,Skyppe,eskyppemt@sciencedirect.com,Male,30.193.202.248
823,Izabel,Lesser,ilessermu@reddit.com,Female,184.65.65.128
824,Mavra,Swallwell,mswallwellmv@barnesandnoble.com,Female,153.90.7.85
825,Brynn,Pellett,bpellettmw@domainmarket.com,Female,92.24.193.199
826,Lionel,Owttrim,lowttrimmx@bloglines.com,Male,215.15.60.206
827,Adolph,Gascone,agasconemy@typepad.com,Male,158.159.160.194
828,Paddie,Rasell,prasellmz@fda.gov,Male,155.72.190.157
829,Bear,Pipet,bpipetn0@blinklist.com,Male,76.41.70.7
830,Camile,Libermore,clibermoren1@com.com,Female,247.250.65.36
831,Dennison,Stobbs,dstobbsn2@clickbank.net,Male,92.177.56.141
832,Alexa,Hauger,ahaugern3@earthlink.net,Female,56.40.98.125
833,Donnajean,Anstey,dansteyn4@imdb.com,Female,66.155.26.3
834,Abramo,Gammons,agammonsn5@si.edu,Male,12.198.103.142
835,Flinn,Conyers,fconyersn6@google.com.hk,Male,149.192.234.199
836,Hercule,Haddinton,hhaddintonn7@hibu.com,Male,44.78.39.180
837,Malcolm,Merriment,mmerrimentn8@google.fr,Male,53.142.8.227
838,Torey,Dand,tdandn9@hugedomains.com,Female,140.22.213.53
839,Kym,Spragg,kspraggna@tripadvisor.com,Female,32.101.15.158
840,Reuben,Whalebelly,rwhalebellynb@blogger.com,Male,140.92.149.91
841,Gerome,Balsillie,gbalsillienc@macromedia.com,Male,112.203.255.253
842,Cyrus,Baish,cbaishnd@reference.com,Male,128.148.49.141
843,Spence,Cosham,scoshamne@army.mil,Male,206.124.184.247
844,Melisenda,Pinnell,mpinnellnf@npr.org,Female,10.211.246.149
845,Daniele,Ritmeier,dritmeierng@qq.com,Female,128.254.24.72
846,Stu,Moland,smolandnh@geocities.com,Male,255.247.63.166
847,Myranda,Perel,mperelni@networksolutions.com,Female,79.44.134.7
848,Tremaine,Ladewig,tladewignj@barnesandnoble.com,Male,100.192.223.224
849,Torrey,Maxfield,tmaxfieldnk@hhs.gov,Male,232.51.114.62
850,Erl,Linneman,elinnemannl@friendfeed.com,Male,170.234.32.213
851,Zonnya,Buddle,zbuddlenm@angelfire.com,Female,112.49.234.93
852,Jacobo,Delgua,jdelguann@comcast.net,Male,139.70.130.210
853,Georgeta,Drains,gdrainsno@behance.net,Female,15.126.170.103
854,Pembroke,Illes,pillesnp@npr.org,Male,228.3.161.163
855,Hannie,Heinicke,hheinickenq@mlb.com,Female,149.176.105.203
856,Shalna,Dudbridge,sdudbridgenr@wp.com,Female,124.232.254.214
857,Anastasie,Samples,asamplesns@geocities.jp,Female,192.33.82.26
858,Anny,Marousek,amarouseknt@narod.ru,Female,231.212.9.250
859,Colene,Ferrie,cferrienu@spotify.com,Female,227.107.100.39
860,Merlina,Kniveton,mknivetonnv@smugmug.com,Female,140.71.52.155
861,Papageno,Folk,pfolknw@china.com.cn,Male,56.89.247.134
862,Burk,Matuszyk,bmatuszyknx@usnews.com,Male,100.29.63.144
863,Shaw,Kristufek,skristufekny@opensource.org,Male,129.156.41.155
864,Karlan,Swinnard,kswinnardnz@e-recht24.de,Male,147.219.210.6
865,Jonell,Gepp,jgeppo0@4shared.com,Female,28.252.32.218
866,Marcos,Dudman,mdudmano1@usnews.com,Male,35.43.38.185
867,Amelita,Brockington,abrockingtono2@tripadvisor.com,Female,196.51.230.169
868,Giacopo,Hunnywell,ghunnywello3@bravesites.com,Male,75.5.214.138
869,Kellen,Streatley,kstreatleyo4@over-blog.com,Female,205.80.115.163
870,Gaylord,Reams,greamso5@infoseek.co.jp,Male,187.63.11.229
871,Rosalie,Crackel,rcrackelo6@issuu.com,Female,2.117.40.37
872,Hamil,Mattinson,hmattinsono7@tripod.com,Male,51.104.212.105
873,Aubrey,Coakley,acoakleyo8@theguardian.com,Male,227.112.33.103
874,Roda,Swayton,rswaytono9@ebay.com,Female,14.72.111.135
875,Rhys,Tatters,rtattersoa@irs.gov,Male,29.115.99.248
876,Heywood,Antonoczyk,hantonoczykob@slideshare.net,Male,16.92.218.71
877,Jacky,Winspear,jwinspearoc@google.de,Male,213.145.76.89
878,Harland,Rock,hrockod@cloudflare.com,Male,76.49.25.56
879,Leonidas,Tibbits,ltibbitsoe@mac.com,Male,74.55.143.66
880,Ashlin,Olden,aoldenof@dailymotion.com,Male,176.150.150.249
881,Franciskus,Crewes,fcrewesog@amazon.de,Male,9.36.1.236
882,Drusy,Normanton,dnormantonoh@netlog.com,Female,219.35.141.235
883,Anna-diana,Steely,asteelyoi@jugem.jp,Female,196.25.143.31
884,Dyana,Oade,doadeoj@about.me,Female,49.93.136.247
885,Chad,Lyven,clyvenok@dailymail.co.uk,Female,20.35.91.106
886,Jens,Felder,jfelderol@multiply.com,Male,251.197.57.36
887,Terry,Mullin,tmullinom@aol.com,Male,193.203.22.191
888,Mona,Blazdell,mblazdellon@google.fr,Female,202.49.127.88
889,Shayna,Spooner,sspooneroo@cpanel.net,Female,229.178.171.59
890,Dante,Wyley,dwyleyop@t-online.de,Male,228.182.231.2
891,Bjorn,McIlwraith,bmcilwraithoq@phoca.cz,Male,77.0.230.3
892,Winifred,Nizard,wnizardor@wikispaces.com,Female,180.39.141.199
893,Taber,Beazley,tbeazleyos@flickr.com,Male,71.216.36.65
894,Collette,Riba,cribaot@wisc.edu,Female,98.54.101.213
895,Fayina,Winterbottom,fwinterbottomou@google.com.br,Female,145.106.120.182
896,Dena,Abells,dabellsov@usnews.com,Female,97.127.41.145
897,Zeke,Mayger,zmaygerow@miitbeian.gov.cn,Male,140.18.117.118
898,Valentijn,Reavey,vreaveyox@google.com,Male,10.46.209.75
899,Victor,Coulthard,vcoulthardoy@de.vu,Male,113.220.249.70
900,Cissy,Blondell,cblondelloz@parallels.com,Female,107.97.26.243
901,Shane,Yardy,syardyp0@ted.com,Male,133.195.19.180
902,Caralie,Klejna,cklejnap1@drupal.org,Female,40.107.0.101
903,Idette,Savine,isavinep2@illinois.edu,Female,238.173.206.173
904,Babette,Campion,bcampionp3@altervista.org,Female,163.40.67.76
905,Early,Buttler,ebuttlerp4@i2i.jp,Male,41.186.105.1
906,Alley,Vallentine,avallentinep5@mapquest.com,Male,200.153.59.219
907,Irene,Burchell,iburchellp6@list-manage.com,Female,83.144.3.9
908,Ansel,Bresson,abressonp7@list-manage.com,Male,28.198.199.190
909,Simmonds,Bauman,sbaumanp8@gravatar.com,Male,201.230.12.35
910,Jermaine,Rizzone,jrizzonep9@twitter.com,Male,22.161.89.34
911,Arluene,Capponeer,acapponeerpa@discovery.com,Female,172.209.121.189
912,Odele,Rembaud,orembaudpb@pcworld.com,Female,241.58.12.210
913,Dareen,Bulger,dbulgerpc@gravatar.com,Female,43.0.124.32
914,Zackariah,Rohloff,zrohloffpd@51.la,Male,0.45.180.237
915,Mary,Bartolomeu,mbartolomeupe@chicagotribune.com,Female,199.190.49.13
916,Ernestine,Apfel,eapfelpf@nba.com,Female,167.4.61.245
917,Corbett,Cathesyed,ccathesyedpg@shutterfly.com,Male,115.164.71.68
918,Melantha,Goodread,mgoodreadph@infoseek.co.jp,Female,240.214.169.135
919,Hulda,Arons,haronspi@over-blog.com,Female,35.212.82.114
920,Guthrie,Epinay,gepinaypj@foxnews.com,Male,217.152.3.46
921,Jasper,Summerton,jsummertonpk@upenn.edu,Male,114.49.162.197
922,Melanie,Muneely,mmuneelypl@phoca.cz,Female,54.254.18.67
923,Fallon,Boodell,fboodellpm@webmd.com,Female,253.77.51.65
924,Shadow,Giamo,sgiamopn@123-reg.co.uk,Male,139.165.21.50
925,Florina,Maddox,fmaddoxpo@sbwire.com,Female,105.192.153.114
926,Tammy,Gamlin,tgamlinpp@buzzfeed.com,Male,36.170.212.33
927,Jedd,Upstone,jupstonepq@whitehouse.gov,Male,221.91.70.22
928,Stern,Floris,sflorispr@mayoclinic.com,Male,133.132.43.159
929,Baxie,Brisard,bbrisardps@goo.gl,Male,132.220.247.146
930,Alli,Itzhaki,aitzhakipt@de.vu,Female,85.57.139.87
931,Rustie,Crack,rcrackpu@google.ru,Male,155.181.147.47
932,Aldon,Tyne,atynepv@aol.com,Male,94.228.38.224
933,Mellisent,Polo,mpolopw@gnu.org,Female,45.168.34.238
934,Aline,Courtois,acourtoispx@theatlantic.com,Female,84.22.165.78
935,Ethe,Bordman,ebordmanpy@nymag.com,Male,55.217.209.149
936,Zita,Dewett,zdewettpz@dagondesign.com,Female,152.67.62.82
937,Rolando,Roughsedge,rroughsedgeq0@themeforest.net,Male,71.38.182.72
938,Merrill,Chippendale,mchippendaleq1@sogou.com,Female,1.140.195.72
939,Guillaume,Orteu,gorteuq2@people.com.cn,Male,6.219.189.25
940,Jazmin,Rebeiro,jrebeiroq3@cocolog-nifty.com,Female,52.217.26.213
941,Frannie,Brayford,fbrayfordq4@time.com,Male,126.225.13.245
942,Donavon,Westwater,dwestwaterq5@xrea.com,Male,159.23.195.171
943,Constanta,Simyson,csimysonq6@yellowbook.com,Female,73.85.66.159
944,Ivan,Tersay,itersayq7@about.me,Male,116.177.100.164
945,Waverly,Pedlow,wpedlowq8@bing.com,Male,7.24.114.194
946,Grover,Jaquin,gjaquinq9@webs.com,Male,41.44.32.208
947,Carmelia,Lafee,clafeeqa@shutterfly.com,Female,148.34.119.213
948,Christoforo,Caro,ccaroqb@netlog.com,Male,226.2.210.246
949,Jerri,Campkin,jcampkinqc@dmoz.org,Male,25.191.63.148
950,Rowan,Dixey,rdixeyqd@360.cn,Male,11.7.205.157
951,Blanch,Vise,bviseqe@hao123.com,Female,6.120.168.37
952,Devonna,Meynell,dmeynellqf@posterous.com,Female,183.42.244.122
953,Codi,Lissandri,clissandriqg@google.ca,Female,238.247.150.154
954,Emmit,Sleney,esleneyqh@wikia.com,Male,234.85.42.208
955,Inez,Pittock,ipittockqi@imdb.com,Female,224.51.165.27
956,Carlye,Mangeon,cmangeonqj@w3.org,Female,137.22.230.220
957,Garik,Ireland,girelandqk@google.it,Male,9.71.191.162
958,Benedict,Hylands,bhylandsql@archive.org,Male,151.221.41.87
959,Cassius,Beagles,cbeaglesqm@hibu.com,Male,152.183.219.148
960,Michaelina,Gaddes,mgaddesqn@blogtalkradio.com,Female,232.5.142.189
961,Hollie,Kasbye,hkasbyeqo@cam.ac.uk,Female,218.164.157.163
962,Beltran,Berford,bberfordqp@ameblo.jp,Male,120.67.184.228
963,Trix,Grouse,tgrouseqq@sourceforge.net,Female,37.197.166.253
964,Quillan,Knightsbridge,qknightsbridgeqr@toplist.cz,Male,148.18.42.251
965,Tye,Dottridge,tdottridgeqs@fastcompany.com,Male,158.19.137.157
966,Ugo,Greenhall,ugreenhallqt@ocn.ne.jp,Male,91.226.113.56
967,Hersh,Cardiff,hcardiffqu@accuweather.com,Male,76.116.37.97
968,Efrem,MacGahy,emacgahyqv@eepurl.com,Male,69.68.79.193
969,Garrett,Devonside,gdevonsideqw@twitpic.com,Male,162.177.147.106
970,Carmencita,Reiach,creiachqx@alibaba.com,Female,21.26.36.152
971,Leupold,Penhallurick,lpenhallurickqy@house.gov,Male,101.164.213.150
972,Ashley,Younge,ayoungeqz@slideshare.net,Male,224.182.81.196
973,Bond,Paroni,bparonir0@cmu.edu,Male,215.126.119.70
974,Janet,Rickeard,jrickeardr1@army.mil,Female,192.187.118.164
975,Janna,Moden,jmodenr2@dedecms.com,Female,94.119.78.164
976,Camilla,Levings,clevingsr3@wisc.edu,Female,230.25.85.208
977,Delphine,Wolfart,dwolfartr4@tiny.cc,Female,234.170.154.75
978,Webster,Valentino,wvalentinor5@guardian.co.uk,Male,139.202.230.128
979,Stacee,Samworth,ssamworthr6@wp.com,Male,100.200.203.247
980,Cate,Divis,cdivisr7@ftc.gov,Female,48.28.119.65
981,Vonnie,McCulley,vmcculleyr8@digg.com,Female,124.127.225.96
982,Kimberley,Czajka,kczajkar9@bloomberg.com,Female,16.150.128.214
983,Curran,Lazenby,clazenbyra@time.com,Male,223.126.23.177
984,Neale,Fenelow,nfenelowrb@indiatimes.com,Male,59.7.179.128
985,Elsa,Goodliff,egoodliffrc@earthlink.net,Female,79.152.100.19
986,Ashlie,Dragge,adraggerd@altervista.org,Female,55.7.10.207
987,Constantin,Balden,cbaldenre@hatena.ne.jp,Male,252.40.136.51
988,Elsie,Brinkley,ebrinkleyrf@illinois.edu,Female,237.154.187.64
989,Melania,Blindt,mblindtrg@free.fr,Female,144.242.25.75
990,Olympie,Cuardall,ocuardallrh@dmoz.org,Female,45.87.162.121
991,Gabbey,Pic,gpicri@mlb.com,Female,78.196.208.134
992,Kingston,Chagg,kchaggrj@tuttocitta.it,Male,27.169.106.110
993,Kit,Carnall,kcarnallrk@blinklist.com,Female,123.19.24.161
994,Rodrique,Rosenbloom,rrosenbloomrl@skyrock.com,Male,135.253.207.191
995,Almire,Elliston,aellistonrm@webnode.com,Female,3.164.74.188
996,Angeline,Compston,acompstonrn@nymag.com,Female,135.178.119.161
997,Garrard,Van den Broek,gvandenbroekro@si.edu,Male,185.253.197.125
998,Adena,Tuohy,atuohyrp@nature.com,Female,237.69.105.117
999,Newton,Bowdon,nbowdonrq@chron.com,Male,242.95.83.100
1000,Myrwyn,Bissill,mbissillrr@nbcnews.com,Male,24.238.200.152
